,apa1,apa2,apa3,apa4,hom1,hom2,hom3,lif1,lif2,lif3
count,5795.0,5795.0,5795.0,5795.0,5795.0,5795.0,5795.0,5795.0,5795.0,5795.0
mean,0.7574819014749989,0.12773219780890185,0.1571960369560456,6280.290215703192,0.4771038774037503,0.5228819580866149,4961.738490241999,10181.294273002426,25.84424030076433,1.0455332182916306
std,0.16869049413486747,0.12255798089822947,0.10755744931765265,7649.240312753948,0.13444184987821287,0.13444433837051556,6205.15405731121,6255.998126232435,9.51944453961948,0.4602163090859391
min,0.03,0.01,0.01,0.3,0.1,0.03,0.1,1303.0,8.83,0.51
25%,0.66,0.05,0.08,399.65,0.38,0.43,290.3,7402.5,19.16,0.92
50%,0.78,0.09,0.13,3796.3,0.48,0.52,2932.0,8362.0,24.65,1.01
75%,0.88,0.16,0.21,8880.4,0.57,0.62,7049.55,10316.5,30.564999999999998,1.11
max,1.0,1.0,0.83,75855.5,0.97,0.9,65644.2,66027.0,62.69,30.39
